﻿Placa,Transportador,Capacidade (Cx),Capacidade (Kg),Disponível,Janela Início,Janela Fim,Janela (min)
DXG5743,E.D.S. ALMEIDA TRANSPORTES,147,3000,true,05:00,17:00,720
CUD1348,JEFFERSON ANTUNES GOMES ME,147,3000,true,05:00,17:00,720
DJC8783,RENE LUIZ TRANSPORTES LTDA - ME,147,3000,true,05:00,17:00,720
CZP2057,OSCAR RODRIGUES FILHO TRANSBARUERI - ME,122,2500,true,05:00,17:00,720
FUX1712,RPIZOL TRANSPORTES LTDA - ME,83,1700,true,05:00,17:00,720
CVP8461,EVERTON DE MESQUITA DAS DORES TRANSPORTE,127,2600,true,05:00,17:00,720
DAJ6915,SAYMON TRANSPORTES - EIRELI - ME,147,3000,true,05:00,17:00,720
FTA0472,RODRIGUES E LIRA TRANSPORTE LTDA,147,3000,true,05:00,17:00,720
DAP8611,TRANSDAQUE TRANSPORTES LTDA,132,2700,true,05:00,17:00,720
EBI0660,ALEXANDRE FEJFAR JUNIOR - ME,83,1700,true,05:00,17:00,720
ETR3620,W.R. DOS SANTOS TRANSPORTES - ME,147,3000,true,05:00,17:00,720
EUA1389,SAMAR TRANSPORTES LTDA - ME,122,2500,true,05:00,17:00,720
CUD1032,JOSE DONIZETI EUGENIO 15045980831,73,1500,true,05:00,17:00,720
FQZ2I25,J.G. VIANA DA COSTA TRANSPORTE - ME,147,3000,true,05:00,17:00,720
CCU2E35,IRELANDO CARLOS BARBOZA 29587125835,245,5000,true,05:00,17:00,720
DMC6D21,GUILHERME AUGUSTO BRITO XAVIER TRANSPORT,147,3000,true,05:00,17:00,720
EVE2J18,AP DOS SANTOS TRANSPORTE,122,2500,true,05:00,17:00,720
HEK9823,RENE LUIZ TRANSPORTES LTDA - ME,122,2500,true,05:00,17:00,720
EVY1293,AP DOS SANTOS TRANSPORTE,78,1600,true,05:00,17:00,720
FQC0E26,EVALDO DE SOUZA 12091775878,78,1600,true,05:00,17:00,720
OJH3B65,G VIANA DA COSTA TRANSPORTE ME,294,6000,true,05:00,17:00,720
FOC8B49,ANDERSON CHICOLLI TRANSPORTES LTDA,147,3000,true,05:00,17:00,720
GDB4366,MIRIELE DOS SANTOS ARRUDA 21591585856,147,3000,true,05:00,17:00,720
GBA2B81,GISLAINE BANDEIRA BUENO -ME,245,5000,true,05:00,17:00,720
EXR6H84,ALAN PEDROSO DE SIQUEIRA 26518861819,78,1600,true,05:00,17:00,720
CUF8A69,49.239.273 JESSICA APARECIDA FERREIRA AL,122,2500,true,05:00,17:00,720
ETV0944,CAMPOS LIMA TRANSPORTES LTDA,147,3000,true,05:00,17:00,720
EDK6121,MARIA DAS GRACAS MARINHO DA SILVA TRANSP,294,6000,true,05:00,17:00,720
EFW2915,MARIA DAS GRACAS MARINHO DA SILVA TRANSP,294,6000,true,05:00,17:00,720
FCC1291,MARIA DAS GRACAS MARINHO DA SILVA TRANSP,294,6000,true,05:00,17:00,720
FCR5A61,MARIA DAS GRACAS MARINHO DA SILVA TRANSP,588,12000,true,05:00,17:00,720
DTV1411,MARIA DAS GRACAS MARINHO DA SILVA TRANSP,588,12000,true,05:00,17:00,720
ELW4I91,NOVAK TRANSPORTES,122,2500,true,05:00,17:00,720
ELW3A89,NOVAK TRANSPORTES,122,2500,true,05:00,17:00,720
FPJ4E00,49.626.588 ADILSON PEREIRA DOS SANTOS,78,1600,true,05:00,17:00,720
ELW8912,GISLAINE BANDEIRA BUENO -ME,78,1600,true,05:00,17:00,720
CUA0B94,MARIA DAS GRACAS MARINHO DA SILVA TRANSP,588,12000,true,05:00,17:00,720
CUA0B93,MARIA DAS GRACAS MARINHO DA SILVA TRANSP,588,12000,true,05:00,17:00,720
SVR8A98,MARIA DAS GRACAS MARINHO DA SILVA TRANSP,1373,28000,false,05:00,17:00,720
SUG2E33,54.686.261 KATIA CAROLINE VITRO,245,5000,true,05:00,17:00,720
ECT9G84,51.512.967 LEANDRO APARECIDO LIMA,122,2500,true,05:00,17:00,720
DPB7560,HS TRANSPORTES,147,3000,true,05:00,17:00,720
EJW3802,52.266.191 ROBSON CAMPOS DA SILVEIRA,73,1500,true,05:00,17:00,720
DNE6G24,51.639.216 FAGNER SILVA PAES LANDIM,245,5000,true,05:00,17:00,720
EJW3C69,53.621.052 JULIA COELHO DE GODOY,122,2500,true,05:00,17:00,720
EFV0G08,44.254.767 MARCOS ROBERTO DE SOUZA JUNIO,122,2500,true,05:00,17:00,720
FRO2630,58.936.665 KAIQUE BRITO XAVIER,245,5000,true,05:00,17:00,720
EKH9G13,SRC TRANSPORTES LTDA,147,3000,true,05:00,17:00,720
FHV4C11,GISLAINE BANDEIRA BUENO -ME,78,1600,true,05:00,17:00,720
FYX1241,55.850.124 GUILHERME DE CARVALHO BUENO,245,5000,true,05:00,17:00,720
HEX8I67,JONATAS SOARES SOUZA 37647884883,122,2500,true,05:00,17:00,720
FTL5H41,AP DOS SANTOS TRANSPORTE,78,1600,true,05:00,17:00,720
EJW3F88,53.621.052 JULIA COELHO DE GODOY,122,2500,true,05:00,17:00,720
BWJ8H97,ALESSANDRO BERTAGNE TRANSPORTADORA LTDA,78,1600,true,05:00,17:00,720
GAL4H76,51.639.216 FAGNER SILVA PAES LANDIM,245,5000,true,05:00,17:00,720
CZC6A55,52.266.191 ROBSON CAMPOS DA SILVEIRA,147,3000,true,05:00,17:00,720
NYQ0B43,59.576.923 DANILO ROBERTO BATISTA,78,1600,true,05:00,17:00,720
GJO1D33,56.862.565 MAURA ANDRADE PONTES,122,2500,true,05:00,17:00,720
FCV5H06,53.988.348 SEVERINO GUILHERME XAVIER,83,1700,true,05:00,17:00,720
CSK2351,53.644.593 MARLUCI SILVA BOTELHO,78,1600,true,05:00,17:00,720
EZL3F49,MARIA DAS GRACAS MARINHO DA SILVA TRANSP,294,6000,true,05:00,17:00,720
GHT5A24,SIMEÃO OLIVEIRA GUEDES -ME,147,3000,true,05:00,17:00,720
DIE6B09,GERSON BENEDITO DE MACENA 32663967823,147,3000,true,05:00,17:00,720
ETQ8I96,51.448.614 OFELIA VIEIRA RODRIGUES,122,2500,true,05:00,17:00,720
ELW9J36,57.077.491 MICHAEL WENDY DIAS DE SOUSA,122,2500,true,05:00,17:00,720
PVI0H39,57.077.491 MICHAEL WENDY DIAS DE SOUSA,122,2500,true,05:00,17:00,720
CBM9C30,52.266.191 ROBSON CAMPOS DA SILVEIRA,294,6000,true,05:00,17:00,720
CPI2I00,56.862.565 MAURA ANDRADE PONTES,294,6000,true,05:00,17:00,720
FGE2H99,I9 SOLUÇÕES LOGISTICAS EIRELI,73,1500,true,05:00,17:00,720
GAZ5J74,52.747.988/0001-50 HUGO ROBERTO DOS SANT,78,1600,true,05:00,17:00,720
EWO3F09,RAJ TRANSPORTES LTDA,78,1600,true,05:00,17:00,720
DVM6E68,48.861.554 MARCIA MARTINS LOPES,147,3000,true,05:00,17:00,720
FKU1682,PLINIO DE MEDEIROS MAIA 55537910497,78,1600,true,05:00,17:00,720
SSV8C39,EMERSON AUGUSTO MARQUES PEREIRA,122,2500,true,05:00,17:00,720
FGT6B51,EDER TRANSPORTES CABREUVA EIRELI,83,1700,true,05:00,17:00,720
IXB7J94,F A C MANFIO TRANSPORTES,245,5000,true,05:00,17:00,720
CVZ7J94,52.266.191 ROBSON CAMPOS DA SILVEIRA,147,3000,true,05:00,17:00,720
FTY6B82,OHAMA LANDIM TRANSPORTES LTDA,245,5000,true,05:00,17:00,720
CYN1819,MASAHIKO IMAHATA CABREUVA ME,686,14000,false,05:00,17:00,720
HFU1B60,MARIA DAS GRACAS MARINHO DA SILVA TRANSP,588,12000,false,05:00,17:00,720
